index,value
0,1763
1,1765
2,1763
3,1763
4,1765
5,1765
6,1765
7,1765
8,1766
9,1763
10,1765
11,1765
12,1765
13,1766
14,1764
15,1765
16,1763
17,1759
18,1763
19,1763
20,1763
21,1763
22,1764
23,1765
24,1763
25,1763
26,1763
27,1762
28,1761
29,1764
30,1763
31,1766
32,1763
33,1763
34,1765
35,1763
36,1764
37,1763
38,1765
39,1765
40,1762
41,1763
42,1765
43,1764
44,1763
45,1763
46,1763
47,1763
48,1763
49,1765
50,1761
51,1763
52,1759
53,1764
54,1764
55,1763
56,1763
57,1765
58,1764
59,1763
60,1765
61,1765
62,1763
63,1763
64,1763
65,1765
66,1765
67,1764
68,1764
69,1764
70,1765
71,1765
72,1763
73,1763
74,1764
75,1765
76,1763
77,1765
78,1763
79,1763
80,1763
81,1765
82,1764
83,1763
84,1763
85,1765
86,1763
87,1765
88,1763
89,1763
90,1763
91,1764
92,1766
93,1765
94,1765
95,1765
96,1765
97,1763
98,1765
99,1765
100,1765
101,1764
102,1763
103,1764
104,1764
105,1764
106,1764
107,1765
108,1763
109,1763
110,1763
111,1765
112,1764
113,1764
114,1765
115,1763
116,1765
117,1765
118,1765
119,1766
120,1765
121,1763
122,1763
123,1763
124,1762
125,1767
126,1763
127,1764
128,1763
129,1764
130,1764
131,1763
132,1763
133,1764
134,1764
135,1764
136,1769
137,1763
138,1763
139,1763
140,1764
141,1763
142,1763
143,1764
144,1763
145,1763
146,1764
147,1765
148,1764
149,1762
150,1765
151,1765
152,1763
153,1763
154,1765
155,1763
156,1763
157,1763
158,1763
159,1765
160,1764
161,1762
162,1764
163,1763
164,1763
165,1764
166,1763
167,1764
168,1762
169,1762
170,1764
171,1763
172,1763
173,1765
174,1765
175,1763
176,1763
177,1763
178,1763
179,1764
180,1763
181,1765
182,1764
183,1763
184,1765
185,1765
186,1764
187,1763
188,1762
189,1765
190,1763
191,1765
192,1763
193,1762
194,1764
195,1767
196,1763
197,1751
198,1765
199,1765
200,1764
201,1764
202,1765
203,1765
204,1765
205,1762
206,1762
207,1759
208,1763
209,1763
210,1763
211,1763
212,1767
213,1763
214,1742
215,1764
216,1765
217,1764
218,1765
219,1764
220,1763
221,1764
222,1763
223,1763
224,1763
225,1765
226,1764
227,1764
228,1763
229,1760
230,1763
231,1763
232,1764
233,1763
234,1763
235,1763
236,1765
237,1765
238,1765
239,1765
240,1764
241,1763
242,1765
243,1763
244,1765
245,1765
246,1765
247,1763
248,1766
249,1765
250,1763
251,1765
252,1765
253,1763
254,1763
255,1764
256,1762
257,1763
258,1765
259,1765
260,1764
261,1765
262,1763
263,1765
264,1765
265,1763
266,1765
267,1763
268,1763
269,1767
270,1764
271,1763
272,1764
273,1759
274,1763
275,1755
276,1763
277,1770
278,1765
279,1765
280,1759
281,1763
282,1759
283,1763
284,1763
285,1764
286,1765
287,1766
288,1763
289,1764
290,1763
291,1763
292,1763
293,1763
294,1763
295,1765
296,1765
297,1765
298,1753
299,1764
300,1763
301,1765
302,1765
303,1763
304,1765
305,1763
306,1767
307,1763
308,1765
309,1765
310,1765
311,1763
312,1765
313,1763
314,1765
315,1765
316,1767
317,1765
318,1765
319,1765
320,1763
321,1763
322,1765
323,1765
324,1765
325,1763
326,1763
327,1763
328,1763
329,1764
330,1763
331,1762
332,1765
333,1765
334,1763
335,1763
336,1767
337,1764
338,1765
339,1765
340,1765
341,1765
342,1764
343,1765
344,1764
345,1763
346,1765
347,1763
348,1763
349,1765
350,1764
351,1767
352,1765
353,1765
354,1763
355,1770
356,1763
357,1763
358,1765
359,1763
360,1763
361,1764
362,1764
363,1765
364,1763
365,1764
366,1763
367,1764
368,1765
369,1763
370,1763
371,1762
372,1764
373,1763
374,1757
375,1764
376,1764
377,1764
378,1767
379,1762
380,1763
381,1764
382,1764
383,1765
384,1765
385,1765
386,1758
387,1763
388,1765
389,1763
390,1765
391,1763
392,1765
393,1762
394,1763
395,1763
396,1763
397,1763
398,1759
399,1764
400,1763
401,1763
402,1764
403,1759
404,1764
405,1763
406,1764
407,1763
408,1763
409,1763
410,1763
411,1763
412,1768
413,1763
414,1765
415,1764
416,1765
417,1763
418,1763
419,1766
420,1763
421,1763
422,1765
423,1763
424,1767
425,1764
426,1763
427,1763
428,1765
429,1764
430,1763
431,1764
432,1764
433,1763
434,1763
435,1763
436,1764
437,1763
438,1762
439,1764
440,1763
441,1759
442,1764
443,1764
444,1763
445,1766
446,1757
447,1763
448,1763
449,1764
450,1764
451,1763
452,1763
453,1763
454,1765
455,1763
456,1763
457,1764
458,1764
459,1763
460,1764
461,1763
462,1764
463,1762
464,1765
465,1763
466,1762
467,1765
468,1764
469,1763
470,1765
471,1763
472,1763
473,1762
474,1765
475,1763
476,1763
477,1764
478,1762
479,1763
480,1763
481,1762
482,1764
483,1763
484,1762
485,1765
486,1767
487,1763
488,1763
489,1763
490,1765
491,1765
492,1763
493,1763
494,1763
495,1763
496,1763
497,1763
498,1764
499,1763
500,1762
501,1765
502,1763
503,1763
504,1763
505,1757
506,1763
507,1764
508,1763
509,1765
510,1763
511,1763
512,1765
513,1764
514,1763
515,1765
516,1761
517,1763
518,1762
519,1764
520,1763
521,1763
522,1765
523,1763
524,1765
525,1765
526,1763
527,1762
528,1767
529,1763
530,1763
531,1764
532,1764
533,1765
534,1765
535,1763
536,1764
537,1764
538,1763
539,1765
540,1765
541,1763
542,1766
543,1763
544,1765
545,1766
546,1764
547,1765
548,1763
549,1763
550,1763
551,1763
552,1762
553,1764
554,1763
555,1763
556,1763
557,1763
558,1765
559,1764
560,1763
561,1763
562,1764
563,1763
564,1763
565,1765
566,1763
567,1763
568,1764
569,1763
570,1765
571,1763
572,1764
573,1764
574,1759
575,1774
576,1762
577,1762
578,1763
579,1764
580,1763
581,1764
582,1764
583,1764
584,1762
585,1763
586,1764
587,1759
588,1764
589,1763
590,1763
591,1763
592,1764
593,1763
594,1765
595,1763
596,1766
597,1763
598,1763
599,1765
600,1763
601,1764
602,1763
603,1763
604,1819
605,1765
606,1763
607,1765
608,1758
609,1765
610,1762
611,1763
612,1765
613,1765
614,1765
615,1765
616,1765
617,1765
618,1764
619,1763
620,1764
621,1765
622,1765
623,1763
624,1763
625,1764
626,1756
627,1735
628,1763
629,1764
630,1767
631,1764
632,1765
633,1765
634,1763
635,1763
636,1763
637,1763
638,1764
639,1763
640,1763
641,1763
642,1763
643,1763
644,1764
645,1763
646,1763
647,1763
648,1761
649,1765
650,1762
651,1763
652,1765
653,1764
654,1762
655,1764
656,1762
657,1762
658,1765
659,1765
660,1764
661,1763
662,1764
663,1763
664,1765
665,1758
666,1765
667,1758
668,1764
669,1783
670,1763
671,1765
672,1765
673,1762
674,1759
675,1765
676,1765
677,1763
678,1763
679,1756
680,1765
681,1763
682,1763
683,1765
684,1763
685,1766
686,1763
687,1763
688,1767
689,1764
690,1763
691,1764
692,1763
693,1767
694,1759
695,1765
696,1765
697,1763
698,1763
699,1764
700,1765
701,1765
702,1763
703,1765
704,1763
705,1764
706,1763
707,1775
708,1763
709,1764
710,1763
711,1765
712,1764
713,1765
714,1763
715,1763
716,1765
717,1763
718,1761
719,1765
720,1759
721,1763
722,1770
723,1763
724,1764
725,1762
726,1765
727,1763
728,1765
729,1764
730,1751
731,1765
732,1764
733,1763
734,1763
735,1763
736,1764
737,1764
738,1763
739,1759
740,1764
741,1773
742,1766
743,1769
744,1763
745,1763
746,1764
747,1765
748,1764
749,1763
750,1773
751,1763
752,1763
753,1759
754,1758
755,1763
756,1763
757,1763
758,1764
759,1765
760,1758
761,1765
762,1765
763,1763
764,1772
765,1763
766,1765
767,1765
768,1765
769,1763
770,1763
771,1765
772,1765
773,1763
774,1764
775,1767
776,1763
777,1763
778,1764
779,1761
780,1765
781,1763
782,1763
783,1767
784,1763
785,1781
786,1764
787,1763
788,1763
789,1763
790,1764
791,1765
792,1763
793,1765
794,1764
795,1765
796,1757
797,1764
798,1763
799,1765
800,1764
801,1761
802,1764
803,1763
804,1767
805,1765
806,1779
807,1763
808,1765
809,1762
810,1765
811,1765
812,1765
813,1763
814,1763
815,1763
816,1804
817,1763
818,1763
819,1764
820,1759
821,1762
822,1765
823,1759
824,1763
825,1765
826,1765
827,1767
828,1764
829,1764
830,1766
831,1789
832,1765
833,1765
834,1765
835,1762
836,1763
837,1765
838,1765
839,1765
840,1765
841,1767
842,1762
843,1763
844,1755
845,1764
846,1761
847,1765
848,1768
849,1769
850,1762
851,1765
852,1766
853,1762
854,1767
855,1764
856,1764
857,1763
858,1766
859,1763
860,1763
861,1763
862,1765
863,1763
864,1763
865,1763
866,1767
867,1765
868,1765
869,1765
870,1764
871,1764
872,1762
873,1759
874,1765
875,1764
876,1764
877,1763
878,1764
879,1765
880,1764
881,1763
882,1764
883,1767
884,1766
885,1762
886,1764
887,1765
888,1763
889,1762
890,1763
891,1771
892,1763
893,1763
894,1764
895,1764
896,1763
897,1768
898,1761
899,1763
900,1770
901,1759
902,1763
903,1764
904,1763
905,1763
906,1764
907,1763
908,1758
909,1765
910,1765
911,1765
912,1766
913,1766
914,1765
915,1766
916,1757
917,1764
918,1763
919,1764
920,1765
921,1765
922,1762
923,1765
924,1765
925,1765
926,1763
927,1767
928,1765
929,1763
930,1767
931,1763
932,1763
933,1763
934,1765
935,1773
936,1763
937,1766
938,1765
939,1765
940,1764
941,1763
942,1763
943,1763
944,1763
945,1758
946,1763
947,1763
948,1765
949,1763
950,1762
951,1811
952,1767
953,1764
954,1753
955,1786
956,1764
957,1763
958,1764
959,1763
960,1763
961,1775
962,1752
963,1765
964,1764
965,1764
966,1759
967,1763
968,1739
969,1763
970,1767
971,1735
972,1767
973,1763
974,1759
975,1765
976,1763
977,1763
978,1763
979,1763
980,1761
981,1763
982,1765
983,1763
984,1765
985,1763
986,1765
987,1763
988,1765
989,1765
990,1763
991,1763
992,1763
993,1762
994,1762
995,1765
996,1763
997,1765
998,1726
999,1758
1000,1764
1001,1764
1002,1764
1003,1763
1004,1763
1005,1765
1006,1765
1007,1763
1008,1763
1009,1763
1010,1764
1011,1765
1012,1767
1013,1763
1014,1827
1015,1764
1016,1785
1017,1764
1018,1763
1019,1763
1020,1765
1021,1733
1022,1762
1023,1765
1024,1765
1025,1765
1026,1762
1027,1765
1028,1765
1029,1766
1030,1757
1031,1750
1032,1763
1033,1763
1034,1765
1035,1765
1036,1763
1037,1765
1038,1757
1039,1767
1040,1764
1041,1765
1042,1763
1043,1765
1044,1765
1045,1764
1046,1765
1047,1763
1048,1765
1049,1764
1050,1764
1051,1764
1052,1781
1053,1763
1054,1764
1055,1763
1056,1756
1057,1763
1058,1763
1059,1765
1060,1765
1061,1764
1062,1765
1063,1763
1064,1765
1065,1765
1066,1762
1067,1764
1068,1763
1069,1763
1070,1747
1071,1765
1072,1765
1073,1764
1074,1763
1075,1763
1076,1765
1077,1766
1078,1763
1079,1763
1080,1766
1081,1767
1082,1765
1083,1737
1084,1763
1085,1765
1086,1763
1087,1763
1088,1765
1089,1765
1090,1765
1091,1765
1092,1763
1093,1764
1094,1767
1095,1763
1096,1758
1097,1747
1098,1763
1099,1763
1100,1763
1101,1765
1102,1765
1103,1764
1104,1764
1105,1763
1106,1765
1107,1763
1108,1765
1109,1763
1110,1764
1111,1763
1112,1765
1113,1769
1114,1765
1115,1735
1116,1765
1117,1765
1118,1752
1119,1764
1120,1763
1121,1767
1122,1765
1123,1763
1124,1765
1125,1763
1126,1765
1127,1764
1128,1763
1129,1763
1130,1764
1131,1762
1132,1764
1133,1765
1134,1765
1135,1763
1136,1763
1137,1764
1138,1763
1139,1764
1140,1765
1141,1763
1142,1764
1143,1764
1144,1764
1145,1763
1146,1763
1147,1765
1148,1764
1149,1763
1150,1764
1151,1765
1152,1765
1153,1764
1154,1765
1155,1765
1156,1763
1157,1765
1158,1764
1159,1764
1160,1757
1161,1765
1162,1763
1163,1765
1164,1763
1165,1765
1166,1764
1167,1775
1168,1770
1169,1764
1170,1763
1171,1763
1172,1765
1173,1771
1174,1760
1175,1763
1176,1764
1177,1767
1178,1765
1179,1765
1180,1764
1181,1763
1182,1765
1183,1765
1184,1764
1185,1750
1186,1763
1187,1765
1188,1764
1189,1767
1190,1764
1191,1764
1192,1763
1193,1765
1194,1764
1195,1764
1196,1765
1197,1765
1198,1765
1199,1764
1200,1765
1201,1763
1202,1766
1203,1765
1204,1765
1205,1765
1206,1767
1207,1764
1208,1765
1209,1764
1210,1765
1211,1765
1212,1764
1213,1767
1214,1764
1215,1763
1216,1765
1217,1765
1218,1764
1219,1765
1220,1765
1221,1764
1222,1763
1223,1765
1224,1763
1225,1766
1226,1763
1227,1774
1228,1764
1229,1765
1230,1763
1231,1760
1232,1764
1233,1765
1234,1763
1235,1762
1236,1765
1237,1765
1238,1764
1239,1763
1240,1765
1241,1764
1242,1763
1243,1765
1244,1753
1245,1763
1246,1765
1247,1763
1248,1762
1249,1765
1250,1763
1251,1764
1252,1763
1253,1762
1254,1764
1255,1765
1256,1764
1257,1763
1258,1763
1259,1765
1260,1766
1261,1759
1262,1765
1263,1765
1264,1764
1265,1763
1266,1765
1267,1765
1268,1765
1269,1763
1270,1764
1271,1764
1272,1763
1273,1763
1274,1763
1275,1765
1276,1765
1277,1765
1278,1759
1279,1764
1280,1765
1281,1764
1282,1764
1283,1759
1284,1781
1285,1765
1286,1764
1287,1765
1288,1765
1289,1764
1290,1763
1291,1766
1292,1763
1293,1763
1294,1765
1295,1763
1296,1765
1297,1763
1298,1764
1299,1765
1300,1765
1301,1762
1302,1765
1303,1765
1304,1764
1305,1767
1306,1762
1307,1789
1308,1763
1309,1765
1310,1763
1311,1763
1312,1764
1313,1764
1314,1765
1315,1763
1316,1764
1317,1763
1318,1763
1319,1764
1320,1764
1321,1763
1322,1764
1323,1763
1324,1772
1325,1765
1326,1765
1327,1765
1328,1763
1329,1765
1330,1765
1331,1765
1332,1763
1333,1764
1334,1765
1335,1765
1336,1763
1337,1763
1338,1763
1339,1767
1340,1764
1341,1763
1342,1765
1343,1765
1344,1765
1345,1763
1346,1764
1347,1765
1348,1763
1349,1765
1350,1764
1351,1765
1352,1752
1353,1764
1354,1766
1355,1763
1356,1765
1357,1765
1358,1763
1359,1763
1360,1763
1361,1765
1362,1765
1363,1765
1364,1764
1365,1767
1366,1763
1367,1763
1368,1762
1369,1766
1370,1763
1371,1757
1372,1764
1373,1763
1374,1763
1375,1763
1376,1763
1377,1763
1378,1765
1379,1765
1380,1763
1381,1763
1382,1764
1383,1763
1384,1765
1385,1765
1386,1763
1387,1765
1388,1763
1389,1764
1390,1763
1391,1764
1392,1763
1393,1763
1394,1765
1395,1767
1396,1763
1397,1764
1398,1765
1399,1763
1400,1765
1401,1765
1402,1765
1403,1762
1404,1763
1405,1764
1406,1765
1407,1763
1408,1765
1409,1764
1410,1764
1411,1765
1412,1763
1413,1764
1414,1765
1415,1763
1416,1764
1417,1765
1418,1764
1419,1763
1420,1767
1421,1764
1422,1765
1423,1763
1424,1765
1425,1765
1426,1763
1427,1764
1428,1764
1429,1763
1430,1765
1431,1764
1432,1764
1433,1764
1434,1762
1435,1763
1436,1765
1437,1764
1438,1761
1439,1764
1440,1769
1441,1764
1442,1765
1443,1763
1444,1763
1445,1763
1446,1765
1447,1765
1448,1763
1449,1765
1450,1765
1451,1765
1452,1764
1453,1764
1454,1765
1455,1765
1456,1763
1457,1764
1458,1763
1459,1769
1460,1764
1461,1763
1462,1763
1463,1764
1464,1764
1465,1763
1466,1764
1467,1763
1468,1764
1469,1763
1470,1765
1471,1763
1472,1763
1473,1765
1474,1765
1475,1763
1476,1765
1477,1765
1478,1763
1479,1763
1480,1766
1481,1766
1482,1763
1483,1763
1484,1765
1485,1764
1486,1764
1487,1764
1488,1764
1489,1767
1490,1763
1491,1765
1492,1763
1493,1765
1494,1765
1495,1763
1496,1763
1497,1765
1498,1764
1499,1763
1500,1763
1501,1765
1502,1763
1503,1767
1504,1765
1505,1763
1506,1764
1507,1765
1508,1765
1509,1764
1510,1763
1511,1763
1512,1763
1513,1763
1514,1765
1515,1764
1516,1763
1517,1763
1518,1763
1519,1762
1520,1767
1521,1765
1522,1765
1523,1766
1524,1763
1525,1764
1526,1763
1527,1763
1528,1765
1529,1764
1530,1764
1531,1763
1532,1763
1533,1765
1534,1765
1535,1765
1536,1765
1537,1765
1538,1765
1539,1766
1540,1763
1541,1766
1542,1759
1543,1765
1544,1765
1545,1763
1546,1763
1547,1759
1548,1765
1549,1764
1550,1765
1551,1763
1552,1763
1553,1767
1554,1763
1555,1767
1556,1763
1557,1763
1558,1765
1559,1765
1560,1763
1561,1763
1562,1763
1563,1765
1564,1766
1565,1765
1566,1765
1567,1763
1568,1765
1569,1763
1570,1763
1571,1765
1572,1765
1573,1763
1574,1765
1575,1765
1576,1763
1577,1763
1578,1764
1579,1765
1580,1768
1581,1764
1582,1765
1583,1763
1584,1763
1585,1765
1586,1764
1587,1764
1588,1765
1589,1765
1590,1763
1591,1763
1592,1764
1593,1762
1594,1763
1595,1763
1596,1765
1597,1764
1598,1765
1599,1766
1600,1764
1601,1761
1602,1764
1603,1767
1604,1763
1605,1765
1606,1765
1607,1764
1608,1765
1609,1765
1610,1763
1611,1765
1612,1765
1613,1763
1614,1759
1615,1763
1616,1764
1617,1765
1618,1763
1619,1765
1620,1767
1621,1765
1622,1763
1623,1763
1624,1766
1625,1764
1626,1765
1627,1763
1628,1763
1629,1764
1630,1764
1631,1765
1632,1763
1633,1764
1634,1763
1635,1763
1636,1764
1637,1765
1638,1763
1639,1759
1640,1764
1641,1759
1642,1765
1643,1764
1644,1765
1645,1763
1646,1763
1647,1765
1648,1764
1649,1765
1650,1763
1651,1765
1652,1763
1653,1765
1654,1765
1655,1763
1656,1764
1657,1763
1658,1762
1659,1763
1660,1765
1661,1765
1662,1767
1663,1765
1664,1763
1665,1763
1666,1763
1667,1765
1668,1764
1669,1763
1670,1764
1671,1764
1672,1763
1673,1763
1674,1764
1675,1741
1676,1766
1677,1763
1678,1765
1679,1764
1680,1765
1681,1765
1682,1765
1683,1765
1684,1766
1685,1765
1686,1765
1687,1764
1688,1765
1689,1765
1690,1765
1691,1765
1692,1762
1693,1765
1694,1741
1695,1764
1696,1765
1697,1765
1698,1763
1699,1765
1700,1763
1701,1765
1702,1764
1703,1765
1704,1763
1705,1765
1706,1764
1707,1765
1708,1765
1709,1763
1710,1763
1711,1775
1712,1765
1713,1765
1714,1763
1715,1765
1716,1765
1717,1763
1718,1765
1719,1763
1720,1765
1721,1765
1722,1765
1723,1765
1724,1764
1725,1764
1726,1765
1727,1763
1728,1763
1729,1767
1730,1767
1731,1765
1732,1767
1733,1763
1734,1766
1735,1764
1736,1763
1737,1764
1738,1765
1739,1763
1740,1764
1741,1763
1742,1765
1743,1765
1744,1764
1745,1763
1746,1763
1747,1764
1748,1765
1749,1763
1750,1766
1751,1758
1752,1763
1753,1763
1754,1763
1755,1763
1756,1765
1757,1765
1758,1763
1759,1764
1760,1763
1761,1765
1762,1765
1763,1763
1764,1765
1765,1764
1766,1763
1767,1763
1768,1775
1769,1765
1770,1763
1771,1764
1772,1763
1773,1764
1774,1763
1775,1763
1776,1765
1777,1765
1778,1767
1779,1763
1780,1764
1781,1764
1782,1764
1783,1763
1784,1764
1785,1763
1786,1764
1787,1763
1788,1763
1789,1759
1790,1765
1791,1767
1792,1765
1793,1764
1794,1765
1795,1764
1796,1765
1797,1765
1798,1765
1799,1765
1800,1764
1801,1763
1802,1765
1803,1763
1804,1765
1805,1764
1806,1765
1807,1763
1808,1764
1809,1764
1810,1768
1811,1764
1812,1768
1813,1763
1814,1765
1815,1767
1816,1763
1817,1765
1818,1762
1819,1764
1820,1757
1821,1764
1822,1757
1823,1765
1824,1751
1825,1765
1826,1781
1827,1765
1828,1757
1829,1762
1830,1776
1831,1766
1832,1762
1833,1763
1834,1763
1835,1765
1836,1763
1837,1763
1838,1767
1839,1763
1840,1765
1841,1764
1842,1763
1843,1765
1844,1763
1845,1765
1846,1765
1847,1765
1848,1761
1849,1765
1850,1765
1851,1764
1852,1763
1853,1764
1854,1763
1855,1764
1856,1765
1857,1764
1858,1764
1859,1763
1860,1763
1861,1765
1862,1764
1863,1763
1864,1763
1865,1764
1866,1763
1867,1765
1868,1763
1869,1766
1870,1763
1871,1765
1872,1762
1873,1763
1874,1764
1875,1765
1876,1767
1877,1765
1878,1765
1879,1763
1880,1765
1881,1763
1882,1764
1883,1764
1884,1763
1885,1763
1886,1765
1887,1765
1888,1763
1889,1767
1890,1762
1891,1764
1892,1765
1893,1763
1894,1759
1895,1764
1896,1765
1897,1765
1898,1765
1899,1767
1900,1764
1901,1767
1902,1763
1903,1767
1904,1764
1905,1763
1906,1765
1907,1765
1908,1763
1909,1766
1910,1763
1911,1765
1912,1764
1913,1765
1914,1763
1915,1764
1916,1764
1917,1763
1918,1763
1919,1764
1920,1765
1921,1765
1922,1765
1923,1765
1924,1764
1925,1763
1926,1765
1927,1763
1928,1765
1929,1771
1930,1765
1931,1759
1932,1763
1933,1764
1934,1765
1935,1763
1936,1763
1937,1762
1938,1765
1939,1765
1940,1764
1941,1765
1942,1763
1943,1764
1944,1764
1945,1763
1946,1764
1947,1765
1948,1765
1949,1763
1950,1763
1951,1763
1952,1764
1953,1765
1954,1765
1955,1764
1956,1764
1957,1764
1958,1766
1959,1763
1960,1767
1961,1763
1962,1763
1963,1764
1964,1763
1965,1765
1966,1766
1967,1763
1968,1764
1969,1764
1970,1767
1971,1765
1972,1763
1973,1763
1974,1765
1975,1763
1976,1764
1977,1763
1978,1765
1979,1763
1980,1765
1981,1765
1982,1765
1983,1765
1984,1763
1985,1764
1986,1764
1987,1763
1988,1767
1989,1763
1990,1765
1991,1765
1992,1767
1993,1765
1994,1764
1995,1764
1996,1764
1997,1765
1998,1764
1999,1764
2000,1763
2001,1764
2002,1751
2003,1764
2004,1763
2005,1765
2006,1763
2007,1765
2008,1765
2009,1765
2010,1765
2011,1765
2012,1767
2013,1764
2014,1765
2015,1764
2016,1763
2017,1764
2018,1765
2019,1763
2020,1765
2021,1764
2022,1765
2023,1765
2024,1765
2025,1764
2026,1764
2027,1765
2028,1764
2029,1764
2030,1764
2031,1763
2032,1765
2033,1764
2034,1762
2035,1763
2036,1765
2037,1763
2038,1763
2039,1763
2040,1762
2041,1763
2042,1765
2043,1765
2044,1764
2045,1765
2046,1765
2047,1764
2048,1763
2049,1764
2050,1765
2051,1763
2052,1763
2053,1763
2054,1766
2055,1764
2056,1765
2057,1765
2058,1765
2059,1765
2060,1763
2061,1764
2062,1764
2063,1764
2064,1765
2065,1763
2066,1764
2067,1765
2068,1764
2069,1786
2070,1766
2071,1762
2072,1767
2073,1767
2074,1764
2075,1765
2076,1765
2077,1767
2078,1765
2079,1761
2080,1765
2081,1765
2082,1764
2083,1765
2084,1765
2085,1751
2086,1765
2087,1745
2088,1763
2089,1762
2090,1763
2091,1765
2092,1765
2093,1765
2094,1763
2095,1764
2096,1763
2097,1765
2098,1763
2099,1763
2100,1764
2101,1767
2102,1763
2103,1763
2104,1764
2105,1764
2106,1763
2107,1763
2108,1763
2109,1765
2110,1768
2111,1765
2112,1765
2113,1763
2114,1765
2115,1763
2116,1763
2117,1765
2118,1757
2119,1766
2120,1765
2121,1765
2122,1759
2123,1763
2124,1764
2125,1763
2126,1763
2127,1763
2128,1765
2129,1763
2130,1765
2131,1765
2132,1775
2133,1767
2134,1764
2135,1763
2136,1765
2137,1765
2138,1765
2139,1765
2140,1765
2141,1765
2142,1766
2143,1765
2144,1767
2145,1764
2146,1766
2147,1765
2148,1763
2149,1753
2150,1765
2151,1765
2152,1765
2153,1765
2154,1763
2155,1765
2156,1764
2157,1765
2158,1763
2159,1764
2160,1764
2161,1763
2162,1765
2163,1764
2164,1764
2165,1765
2166,1763
2167,1764
2168,1765
2169,1765
2170,1763
2171,1763
2172,1766
2173,1764
2174,1765
2175,1764
2176,1767
2177,1764
2178,1763
2179,1763
2180,1766
2181,1763
2182,1764
2183,1764
2184,1764
2185,1763
2186,1765
2187,1764
2188,1763
2189,1765
2190,1765
2191,1765
2192,1764
2193,1764
2194,1763
2195,1762
2196,1755
2197,1763
2198,1775
2199,1765
2200,1741
2201,1765
2202,1756
2203,1763
2204,1763
2205,1763
2206,1747
2207,1765
2208,1765
2209,1765
2210,1773
2211,1763
2212,1783
2213,1763
2214,1761
2215,1765
2216,1765
2217,1764
2218,1763
2219,1765
2220,1763
2221,1763
2222,1764
2223,1765
2224,1771
2225,1766
2226,1758
2227,1764
2228,1767
2229,1764
2230,1765
2231,1763
2232,1763
2233,1763
2234,1765
2235,1763
2236,1765
2237,1764
2238,1765
2239,1765
2240,1765
2241,1764
2242,1765
2243,1764
2244,1765
2245,1765
2246,1763
2247,1765
2248,1765
2249,1765
2250,1758
2251,1763
2252,1763
2253,1764
2254,1763
2255,1764
2256,1762
2257,1765
2258,1763
2259,1765
2260,1763
2261,1765
2262,1765
2263,1763
2264,1763
2265,1763
2266,1763
2267,1764
2268,1764
2269,1763
2270,1764
2271,1763
2272,1765
2273,1763
2274,1765
2275,1764
2276,1762
2277,1765
2278,1765
2279,1765
2280,1763
2281,1764
2282,1765
2283,1763
2284,1764
2285,1763
2286,1763
2287,1754
2288,1765
2289,1763
2290,1765
2291,1763
2292,1766
2293,1764
2294,1767
2295,1763
2296,1765
2297,1763
2298,1763
2299,1765
2300,1763
2301,1763
2302,1765
2303,1766
2304,1762
2305,1766
2306,1765
2307,1763
2308,1763
2309,1765
2310,1763
2311,1763
2312,1764
2313,1764
2314,1765
2315,1765
2316,1765
2317,1763
2318,1761
2319,1765
2320,1757
2321,1763
2322,1763
2323,1765
2324,1765
2325,1764
2326,1763
2327,1763
2328,1766
2329,1763
2330,1764
2331,1763
2332,1763
2333,1763
2334,1764
2335,1764
2336,1787
2337,1759
2338,1764
2339,1765
2340,1765
2341,1765
2342,1765
2343,1763
2344,1763
2345,1764
2346,1763
2347,1763
2348,1763
2349,1764
2350,1763
2351,1765
2352,1764
2353,1763
2354,1764
2355,1765
2356,1765
2357,1763
2358,1765
2359,1765
2360,1763
2361,1763
2362,1764
2363,1763
2364,1765
2365,1765
2366,1761
2367,1765
2368,1767
2369,1764
2370,1757
2371,1765
2372,1765
2373,1765
2374,1765
2375,1763
2376,1764
2377,1763
2378,1763
2379,1764
2380,1767
2381,1765
2382,1763
2383,1765
2384,1805
2385,1765
2386,1764
2387,1763
2388,1765
2389,1766
2390,1763
2391,1763
2392,1764
2393,1767
2394,1766
2395,1763
2396,1756
2397,1780
2398,1764
2399,1763
2400,1763
2401,1764
2402,1765
2403,1763
2404,1763
2405,1764
2406,1766
2407,1767
2408,1765
2409,1767
2410,1764
2411,1765
2412,1764
2413,1763
2414,1763
2415,1762
2416,1765
2417,1764
2418,1764
2419,1765
2420,1763
2421,1765
2422,1765
2423,1757
2424,1763
2425,1765
2426,1765
2427,1765
2428,1765
2429,1763
2430,1763
2431,1763
2432,1766
2433,1764
2434,1758
2435,1763
2436,1763
2437,1758
2438,1764
2439,1765
2440,1765
2441,1764
2442,1765
2443,1767
2444,1769
2445,1765
2446,1773
2447,1765
2448,1775
2449,1763
2450,1769
2451,1763
2452,1763
2453,1765
2454,1751
2455,1787
2456,1767
2457,1765
2458,1757
2459,1763
2460,1767
2461,1759
2462,1767
2463,1763
2464,1763
2465,1767
2466,1765
2467,1783
2468,1765
2469,1763
2470,1759
2471,1763
2472,1758
2473,1764
2474,1767
2475,1765
2476,1784
2477,1764
2478,1758
2479,1762
2480,1755
2481,1765
2482,1764
2483,1764
2484,1763
2485,1765
2486,1765
2487,1763
2488,1765
2489,1765
2490,1764
2491,1765
2492,1765
2493,1763
2494,1766
2495,1765
2496,1767
2497,1764
2498,1765
2499,1765
2500,1763
2501,1763
2502,1764
2503,1765
2504,1765
2505,1765
2506,1765
2507,1764
2508,1763
2509,1764
2510,1855
2511,1763
2512,1758
2513,1769
2514,1765
2515,1763
2516,1763
2517,1764
2518,1763
2519,1764
2520,1765
2521,1763
2522,1765
2523,1762
2524,1765
2525,1763
2526,1765
2527,1765
2528,1765
2529,1742
2530,1764
2531,1765
2532,1766
2533,1750
2534,1765
2535,1767
2536,1763
2537,1762
2538,1765
2539,1763
2540,1765
2541,1764
2542,1765
2543,1764
2544,1765
2545,1765
2546,1765
2547,1764
2548,1763
2549,1765
2550,1763
2551,1765
2552,1763
2553,1762
2554,1757
2555,1763
2556,1769
2557,1767
2558,1764
2559,1763
2560,1764
2561,1766
2562,1763
2563,1765
2564,1767
2565,1765
2566,1763
2567,1783
2568,1763
2569,1764
2570,1765
2571,1766
2572,1763
2573,1767
2574,1756
2575,1769
2576,1764
2577,1767
2578,1763
2579,1749
2580,1768
2581,1765
2582,1716
2583,1763
2584,1765
2585,1771
2586,1763
2587,1758
2588,1765
2589,1765
2590,1763
2591,1771
2592,1764
2593,1785
2594,1764
2595,1763
2596,1763
2597,1756
2598,1781
2599,1765
2600,1765
2601,1765
2602,1763
2603,1759
2604,1765
2605,1763
2606,1764
2607,1764
2608,1766
2609,1765
2610,1765
2611,1770
2612,1765
2613,1769
2614,1763
2615,1838
2616,1764
2617,1764
2618,1763
2619,1765
2620,1765
2621,1765
2622,1766
2623,1765
2624,1762
2625,1764
2626,1755
2627,1765
2628,1765
2629,1763
2630,1757
2631,1739
2632,1765
2633,1763
2634,1765
2635,1765
2636,1765
2637,1765
2638,1765
2639,1765
2640,1767
2641,1766
2642,1765
2643,1812
2644,1767
2645,1763
2646,1763
2647,1764
2648,1764
2649,1764
2650,1775
2651,1765
2652,1765
2653,1763
2654,1763
2655,1762
2656,1763
2657,1768
2658,1763
2659,1765
2660,1764
2661,1771
2662,1765
2663,1763
2664,1765
2665,1763
2666,1764
2667,1767
2668,1763
2669,1763
2670,1758
2671,1765
2672,1765
2673,1763
2674,1765
2675,1765
2676,1764
2677,1763
2678,1765
2679,1763
2680,1763
2681,1763
2682,1765
2683,1765
2684,1755
2685,1767
2686,1766
2687,1765
2688,1765
2689,1764
2690,1764
2691,1765
2692,1763
2693,1766
2694,1765
2695,1765
2696,1771
2697,1765
2698,1775
2699,1765
2700,1764
2701,1757
2702,1764
2703,1764
2704,1763
2705,1765
2706,1765
2707,1781
2708,1758
2709,1763
2710,1763
2711,1763
2712,1769
2713,1763
2714,1764
2715,1765
2716,1791
2717,1765
2718,1767
2719,1763
2720,1763
2721,1765
2722,1767
2723,1763
2724,1765
2725,1765
2726,1761
2727,1765
2728,1764
2729,1763
2730,1763
2731,1765
2732,1765
2733,1767
2734,1763
2735,1753
2736,1765
2737,1765
2738,1765
2739,1763
2740,1764
2741,1765
2742,1765
2743,1765
2744,1764
2745,1764
2746,1763
2747,1765
2748,1764
2749,1763
2750,1765
2751,1765
2752,1769
2753,1763
2754,1764
2755,1763
2756,1763
2757,1764
2758,1765
2759,1763
2760,1763
2761,1763
2762,1765
2763,1762
2764,1764
2765,1767
2766,1763
2767,1763
2768,1763
2769,1763
2770,1764
2771,1765
2772,1764
2773,1763
2774,1763
2775,1764
2776,1766
2777,1767
2778,1767
2779,1765
2780,1765
2781,1764
2782,1763
2783,1768
2784,1759
2785,1765
2786,1764
2787,1764
2788,1765
2789,1765
2790,1765
2791,1764
2792,1764
2793,1764
2794,1763
2795,1765
2796,1765
2797,1763
2798,1765
2799,1768
2800,1767
2801,1765
2802,1763
2803,1765
2804,1764
2805,1765
2806,1763
2807,1765
2808,1764
2809,1763
2810,1763
2811,1765
2812,1764
2813,1763
2814,1765
2815,1765
2816,1767
2817,1763
2818,1763
2819,1765
2820,1765
2821,1764
2822,1763
2823,1764
2824,1765
2825,1765
2826,1765
2827,1764
2828,1765
2829,1765
2830,1765
2831,1765
2832,1764
2833,1764
2834,1764
2835,1765
2836,1763
2837,1761
2838,1765
2839,1765
2840,1763
2841,1767
2842,1765
2843,1763
2844,1763
2845,1753
2846,1765
2847,1770
2848,1765
2849,1764
2850,1765
2851,1765
2852,1764
2853,1765
2854,1763
2855,1765
2856,1765
2857,1755
2858,1765
2859,1767
2860,1763
2861,1765
2862,1765
2863,1765
2864,1763
2865,1788
2866,1763
2867,1752
2868,1763
2869,1764
2870,1765
2871,1765
2872,1763
2873,1763
2874,1764
2875,1763
2876,1763
2877,1767
2878,1764
2879,1765
2880,1763
2881,1764
2882,1765
2883,1764
2884,1765
2885,1761
2886,1765
2887,1766
2888,1764
2889,1765
2890,1763
2891,1762
2892,1763
2893,1765
2894,1763
2895,1765
2896,1765
2897,1763
2898,1764
2899,1767
2900,1763
2901,1765
2902,1764
2903,1765
2904,1764
2905,1763
2906,1763
2907,1769
2908,1763
2909,1763
2910,1763
2911,1765
2912,1766
2913,1764
2914,1767
2915,1764
2916,1765
2917,1763
2918,1765
2919,1765
2920,1764
2921,1765
2922,1764
2923,1764
2924,1765
2925,1763
2926,1763
2927,1765
2928,1763
2929,1763
2930,1763
2931,1763
2932,1763
2933,1763
2934,1764
2935,1763
2936,1763
2937,1765
2938,1765
2939,1765
2940,1763
2941,1765
2942,1764
2943,1765
2944,1766
2945,1764
2946,1764
2947,1763
2948,1765
2949,1765
2950,1765
2951,1763
2952,1765
2953,1763
2954,1764
2955,1765
2956,1764
2957,1759
2958,1763
2959,1765
2960,1763
2961,1765
2962,1764
2963,1765
2964,1763
2965,1765
2966,1763
2967,1763
2968,1764
2969,1763
2970,1765
2971,1765
2972,1765
2973,1767
2974,1765
2975,1764
2976,1764
2977,1763
2978,1764
2979,1764
2980,1765
2981,1765
2982,1764
2983,1765
2984,1765
2985,1765
2986,1765
2987,1764
2988,1764
2989,1765
2990,1763
2991,1765
2992,1763
2993,1764
2994,1763
2995,1765
2996,1763
2997,1764
2998,1764
2999,1765
3000,1763
3001,1765
3002,1763
3003,1767
3004,1763
3005,1763
3006,1765
3007,1765
3008,1763
3009,1763
3010,1763
3011,1763
3012,1765
3013,1767
3014,1763
3015,1765
3016,1763
3017,1765
3018,1763
3019,1765
3020,1763
3021,1767
3022,1763
3023,1765
3024,1765
3025,1765
3026,1765
3027,1763
3028,1764
3029,1765
3030,1764
3031,1764
3032,1764
3033,1763
3034,1766
3035,1765
3036,1764
3037,1765
3038,1765
3039,1765
3040,1765
3041,1765
3042,1763
3043,1765
3044,1765
3045,1765
3046,1763
3047,1764
3048,1765
3049,1762
3050,1767
3051,1766
3052,1765
3053,1764
3054,1764
3055,1765
3056,1761
3057,1765
3058,1765
3059,1763
3060,1765
3061,1764
3062,1764
3063,1763
3064,1765
3065,1764
3066,1763
3067,1764
3068,1766
3069,1765
3070,1765
3071,1765
3072,1765
3073,1763
3074,1766
3075,1765
3076,1764
3077,1764
3078,1765
3079,1763
3080,1763
3081,1765
3082,1763
3083,1765
3084,1764
3085,1765
3086,1766
3087,1766
3088,1765
3089,1763
3090,1765
3091,1763
3092,1765
3093,1765
3094,1764
3095,1767
3096,1765
3097,1765
3098,1765
3099,1764
3100,1765
3101,1763
3102,1765
3103,1765
3104,1763
3105,1765
3106,1785
3107,1765
3108,1765
3109,1767
3110,1764
3111,1765
3112,1765
3113,1763
3114,1765
3115,1765
3116,1765
3117,1765
3118,1764
3119,1763
3120,1765
3121,1765
3122,1764
3123,1764
3124,1765
3125,1765
3126,1764
3127,1767
3128,1765
3129,1765
3130,1763
3131,1765
3132,1765
3133,1765
3134,1765
3135,1763
3136,1763
3137,1765
3138,1765
3139,1765
3140,1749
3141,1767
3142,1773
3143,1765
3144,1765
3145,1765
3146,1766
3147,1765
3148,1763
3149,1765
3150,1788
3151,1763
3152,1766
3153,1763
3154,1758
3155,1766
3156,1784
3157,1763
3158,1766
3159,1763
3160,1765
3161,1765
3162,1764
3163,1764
3164,1764
3165,1764
3166,1765
3167,1763
3168,1765
3169,1765
3170,1759
3171,1763
3172,1765
3173,1764
3174,1767
3175,1765
3176,1764
3177,1764
3178,1763
3179,1763
3180,1767
3181,1764
3182,1765
3183,1761
3184,1763
3185,1763
3186,1765
3187,1764
3188,1765
3189,1762
3190,1766
3191,1765
3192,1767
3193,1764
3194,1763
3195,1765
3196,1763
3197,1763
3198,1763
3199,1765
3200,1765
3201,1765
3202,1763
3203,1765
3204,1763
3205,1763
3206,1764
3207,1763
3208,1763
3209,1763
3210,1764
3211,1764
3212,1764
3213,1762
3214,1765
3215,1768
3216,1765
3217,1767
3218,1763
3219,1763
3220,1765
3221,1762
3222,1763
3223,1765
3224,1762
3225,1765
3226,1764
3227,1764
3228,1765
3229,1765
3230,1765
3231,1766
3232,1765
3233,1766
3234,1764
3235,1765
3236,1765
3237,1765
3238,1765
3239,1763
3240,1765
3241,1764
3242,1765
3243,1763
3244,1765
3245,1765
3246,1765
3247,1765
3248,1763
3249,1762
3250,1759
3251,1765
3252,1763
3253,1763
3254,1765
3255,1765
3256,1764
3257,1765
3258,1765
3259,1765
3260,1763
3261,1765
3262,1764
3263,1767
3264,1766
3265,1767
3266,1764
3267,1763
3268,1767
3269,1763
3270,1765
3271,1763
3272,1765
3273,1765
3274,1763
3275,1761
3276,1768
3277,1765
3278,1763
3279,1765
3280,1766
3281,1764
3282,1765
3283,1763
3284,1763
3285,1763
3286,1763
3287,1764
3288,1764
3289,1765
3290,1765
3291,1765
3292,1763
3293,1763
3294,1765
3295,1764
3296,1763
3297,1764
3298,1763
3299,1765
3300,1764
3301,1765
3302,1765
3303,1765
3304,1763
3305,1765
3306,1763
3307,1763
3308,1765
3309,1763
3310,1764
3311,1763
3312,1763
3313,1763
3314,1763
3315,1765
3316,1764
3317,1765
3318,1764
3319,1763
3320,1763
3321,1763
3322,1763
3323,1765
3324,1763
3325,1765
3326,1763
3327,1764
3328,1765
3329,1763
3330,1764
3331,1763
3332,1765
3333,1763
3334,1763
3335,1763
3336,1765
3337,1763
3338,1765
3339,1763
3340,1765
3341,1765
3342,1765
3343,1765
3344,1765
3345,1765
3346,1763
3347,1765
3348,1765
3349,1763
3350,1765
3351,1765
3352,1765
3353,1763
3354,1765
3355,1759
3356,1764
3357,1762
3358,1763
3359,1763
3360,1763
3361,1763
3362,1763
3363,1764
3364,1758
3365,1764
3366,1762
3367,1766
3368,1765
3369,1765
3370,1765
3371,1763
3372,1763
3373,1764
3374,1763
3375,1763
3376,1763
3377,1763
3378,1765
3379,1763
3380,1765
3381,1763
3382,1764
3383,1763
3384,1765
3385,1764
3386,1762
3387,1765
3388,1763
3389,1764
3390,1765
3391,1764
3392,1765
3393,1764
3394,1762
3395,1763
3396,1763
3397,1764
3398,1766
3399,1765
3400,1761
3401,1765
3402,1765
3403,1764
3404,1764
3405,1765
3406,1765
3407,1765
3408,1763
3409,1763
3410,1764
3411,1763
3412,1757
3413,1753
3414,1763
3415,1763
3416,1765
3417,1762
3418,1766
3419,1761
3420,1763
3421,1752
3422,1763
3423,1767
3424,1763
3425,1759
3426,1763
3427,1764
3428,1765
3429,1763
3430,1765
3431,1765
3432,1763
3433,1764
3434,1765
3435,1765
3436,1764
3437,1764
3438,1764
3439,1763
3440,1763
3441,1764
3442,1763
3443,1764
3444,1766
3445,1764
3446,1763
3447,1765
3448,1765
3449,1763
3450,1765
3451,1764
3452,1765
3453,1763
3454,1764
3455,1763
3456,1763
3457,1764
3458,1766
3459,1765
3460,1763
3461,1763
3462,1764
3463,1763
3464,1762
3465,1766
3466,1767
3467,1765
3468,1765
3469,1765
3470,1763
3471,1765
3472,1765
3473,1764
3474,1763
3475,1765
3476,1765
3477,1761
3478,1763
3479,1764
3480,1765
3481,1765
3482,1764
3483,1765
3484,1763
3485,1770
3486,1763
3487,1752
3488,1764
3489,1763
3490,1764
3491,1764
3492,1767
3493,1764
3494,1763
3495,1762
3496,1765
3497,1765
3498,1767
3499,1765
3500,1763
3501,1765
3502,1764
3503,1765
3504,1762
3505,1764
3506,1763
3507,1765
3508,1763
3509,1763
3510,1765
3511,1765
3512,1765
3513,1763
3514,1765
3515,1763
3516,1763
3517,1763
3518,1765
3519,1765
3520,1764
3521,1764
3522,1764
3523,1763
3524,1765
3525,1765
3526,1765
3527,1763
3528,1763
3529,1764
3530,1763
3531,1763
3532,1765
3533,1765
3534,1765
3535,1763
3536,1765
3537,1765
3538,1764
3539,1766
3540,1764
3541,1765
3542,1765
3543,1763
3544,1764
3545,1764
3546,1766
3547,1765
3548,1763
3549,1764
3550,1753
3551,1763
3552,1765
3553,1765
3554,1764
3555,1765
3556,1765
3557,1763
3558,1763
3559,1763
3560,1763
3561,1763
3562,1743
3563,1765
3564,1775
3565,1766
3566,1757
3567,1764
3568,1765
3569,1767
3570,1766
3571,1765
3572,1766
3573,1765
3574,1765
3575,1765
3576,1763
3577,1765
3578,1762
3579,1766
3580,1764
3581,1765
3582,1765
3583,1765
3584,1763
3585,1763
3586,1763
3587,1763
3588,1765
3589,1765
3590,1765
3591,1765
3592,1766
3593,1765
3594,1764
3595,1763
3596,1763
3597,1764
3598,1765
3599,1765
3600,1765
3601,1767
3602,1765
3603,1765
3604,1765
3605,1765
3606,1766
3607,1764
3608,1766
3609,1765
3610,1765
3611,1765
3612,1765
3613,1765
3614,1763
3615,1763
3616,1768
3617,1763
3618,1764
3619,1763
3620,1766
3621,1765
3622,1765
3623,1765
3624,1763
3625,1765
3626,1766
3627,1763
3628,1764
3629,1763
3630,1763
3631,1765
3632,1767
3633,1769
3634,1763
3635,1763
3636,1763
3637,1765
3638,1763
3639,1764
3640,1763
3641,1765
3642,1763
3643,1764
3644,1765
3645,1765
3646,1767
3647,1765
3648,1764
3649,1763
3650,1764
3651,1764
3652,1763
3653,1764
3654,1762
3655,1763
3656,1765
3657,1765
3658,1772
3659,1764
3660,1765
3661,1765
3662,1763
3663,1763
3664,1765
3665,1765
3666,1767
3667,1765
3668,1765
3669,1765
3670,1765
3671,1765
3672,1765
3673,1763
3674,1762
3675,1764
3676,1765
3677,1763
3678,1766
3679,1766
3680,1764
3681,1763
3682,1767
3683,1763
3684,1765
3685,1765
3686,1763
3687,1765
3688,1763
3689,1763
3690,1763
3691,1764
3692,1764
3693,1765
3694,1765
3695,1763
3696,1763
3697,1767
3698,1764
3699,1763
3700,1764
3701,1767
3702,1765
3703,1759
3704,1764
3705,1765
3706,1765
3707,1765
3708,1763
3709,1765
3710,1764
3711,1764
3712,1763
3713,1763
3714,1764
3715,1765
3716,1765
3717,1766
3718,1767
3719,1765
3720,1764
3721,1763
3722,1765
3723,1762
3724,1765
3725,1768
3726,1765
3727,1763
3728,1766
3729,1763
3730,1763
3731,1765
3732,1765
3733,1765
3734,1764
3735,1764
3736,1767
3737,1763
3738,1767
3739,1767
3740,1765
3741,1763
3742,1765
3743,1755
3744,1765
3745,1763
3746,1763
3747,1765
3748,1765
3749,1785
3750,1763
3751,1781
3752,1766
3753,1766
3754,1765
3755,1766
3756,1765
3757,1755
3758,1765
3759,1765
3760,1765
3761,1763
3762,1764
3763,1763
3764,1765
3765,1764
3766,1764
3767,1765
3768,1762
3769,1757
3770,1763
3771,1764
3772,1763
3773,1756
3774,1765
3775,1767
3776,1763
3777,1763
3778,1764
3779,1763
3780,1763
3781,1764
3782,1765
3783,1766
3784,1763
3785,1765
3786,1765
3787,1763
3788,1763
3789,1761
3790,1763
3791,1765
3792,1763
3793,1767
3794,1765
3795,1765
3796,1764
3797,1764
3798,1763
3799,1765
3800,1763
3801,1761
3802,1763
3803,1764
3804,1765
3805,1765
3806,1765
3807,1764
3808,1764
3809,1765
3810,1765
3811,1764
3812,1765
3813,1765
3814,1766
3815,1767
3816,1764
3817,1764
3818,1765
3819,1764
3820,1767
3821,1765
3822,1767
3823,1765
3824,1765
3825,1765
3826,1765
3827,1765
3828,1765
3829,1765
3830,1765
3831,1763
3832,1765
3833,1765
3834,1763
3835,1765
3836,1763
3837,1765
3838,1765
3839,1765
3840,1765
3841,1765
3842,1765
3843,1765
3844,1763
3845,1765
3846,1764
3847,1763
3848,1765
3849,1764
3850,1763
3851,1763
3852,1764
3853,1765
3854,1764
3855,1763
3856,1765
3857,1763
3858,1765
3859,1765
3860,1765
3861,1764
3862,1763
3863,1765
3864,1765
3865,1763
3866,1763
3867,1765
3868,1765
3869,1763
3870,1763
3871,1763
3872,1764
3873,1763
3874,1763
3875,1763
3876,1765
3877,1764
3878,1765
3879,1765
3880,1765
3881,1762
3882,1766
3883,1765
3884,1764
3885,1766
3886,1765
3887,1764
3888,1765
3889,1763
3890,1765
3891,1765
3892,1764
3893,1763
3894,1765
3895,1765
3896,1765
3897,1763
3898,1767
3899,1765
3900,1765
3901,1763
3902,1765
3903,1763
3904,1765
3905,1764
3906,1764
3907,1758
3908,1765
3909,1765
3910,1763
3911,1763
3912,1765
3913,1759
3914,1764
3915,1763
3916,1764
3917,1764
3918,1764
3919,1763
3920,1766
3921,1765
3922,1763
3923,1766
3924,1764
3925,1765
3926,1764
3927,1765
3928,1763
3929,1768
3930,1764
3931,1764
3932,1764
3933,1765
3934,1765
3935,1764
3936,1764
3937,1765
3938,1767
3939,1765
3940,1765
3941,1765
3942,1765
3943,1765
3944,1764
3945,1765
3946,1763
3947,1765
3948,1765
3949,1765
3950,1765
3951,1767
3952,1765
3953,1764
3954,1764
3955,1763
3956,1763
3957,1765
3958,1764
3959,1765
3960,1759
3961,1763
3962,1764
3963,1764
3964,1773
3965,1763
3966,1785
3967,1764
3968,1771
3969,1764
3970,1775
3971,1765
3972,1757
3973,1764
3974,1765
3975,1767
3976,1765
3977,1767
3978,1765
3979,1764
3980,1765
3981,1764
3982,1765
3983,1765
3984,1765
3985,1765
3986,1766
3987,1765
3988,1765
3989,1765
3990,1765
3991,1763
3992,1764
3993,1765
3994,1763
3995,1765
3996,1765
3997,1763
3998,1763
3999,1764
4000,1765
4001,1765
4002,1765
4003,1759
4004,1763
4005,1767
4006,1764
4007,1763
4008,1765
4009,1765
4010,1763
4011,1765
4012,1763
4013,1765
4014,1763
4015,1763
4016,1765
4017,1765
4018,1764
4019,1763
4020,1767
4021,1763
4022,1763
4023,1764
4024,1763
4025,1765
4026,1763
4027,1765
4028,1764
4029,1765
4030,1767
4031,1765
4032,1765
4033,1765
4034,1765
4035,1765
4036,1763
4037,1763
4038,1765
4039,1764
4040,1763
4041,1763
4042,1763
4043,1764
4044,1766
4045,1765
4046,1765
4047,1765
4048,1764
4049,1763
4050,1765
4051,1763
4052,1765
4053,1764
4054,1765
4055,1763
4056,1763
4057,1764
4058,1764
4059,1764
4060,1765
4061,1765
4062,1763
4063,1765
4064,1765
4065,1767
4066,1765
4067,1763
4068,1764
4069,1765
4070,1763
4071,1765
4072,1765
4073,1765
4074,1765
4075,1763
4076,1764
4077,1763
4078,1765
4079,1765
4080,1765
4081,1765
4082,1763
4083,1764
4084,1765
4085,1764
4086,1764
4087,1764
4088,1763
4089,1765
4090,1765
4091,1764
4092,1766
4093,1763
4094,1763
4095,1758
4096,1763
4097,1769
4098,1765
4099,1765
4100,1765
4101,1763
4102,1764
4103,1763
4104,1765
4105,1763
4106,1764
4107,1765
4108,1763
4109,1763
4110,1765
4111,1782
4112,1765
4113,1775
4114,1765
4115,1752
4116,1763
4117,1765
4118,1765
4119,1763
4120,1763
4121,1764
4122,1765
4123,1765
4124,1767
4125,1767
4126,1763
4127,1763
4128,1764
4129,1764
4130,1764
4131,1765
4132,1765
4133,1765
4134,1763
4135,1763
4136,1763
4137,1765
4138,1765
4139,1765
4140,1765
4141,1765
4142,1763
4143,1763
4144,1763
4145,1765
4146,1765
4147,1764
4148,1765
4149,1765
4150,1765
4151,1763
4152,1763
4153,1763
4154,1765
4155,1765
4156,1765
4157,1764
4158,1763
4159,1763
4160,1763
4161,1765
4162,1763
4163,1762
4164,1765
4165,1766
4166,1765
4167,1763
4168,1765
4169,1767
4170,1764
4171,1763
4172,1764
4173,1765
4174,1765
4175,1764
4176,1764
4177,1763
4178,1763
4179,1765
4180,1767
4181,1765
4182,1765
4183,1765
4184,1765
4185,1763
4186,1765
4187,1764
4188,1763
4189,1765
4190,1765
4191,1763
4192,1764
4193,1765
4194,1765
4195,1764
4196,1765
4197,1765
4198,1765
4199,1765
4200,1765
4201,1747
4202,1763
4203,1749
4204,1763
4205,1763
4206,1763
4207,1763
4208,1765
4209,1764
4210,1766
4211,1767
4212,1763
4213,1763
4214,1764
4215,1763
4216,1765
4217,1765
4218,1764
4219,1765
4220,1765
4221,1764
4222,1764
4223,1757
4224,1763
4225,1764
4226,1766
4227,1765
4228,1764
4229,1765
4230,1765
4231,1763
4232,1763
4233,1763
4234,1763
4235,1763
4236,1764
4237,1764
4238,1765
4239,1763
4240,1767
4241,1765
4242,1764
4243,1765
4244,1765
4245,1764
4246,1764
4247,1763
4248,1764
4249,1765
4250,1765
4251,1765
4252,1765
4253,1765
4254,1764
4255,1764
4256,1764
4257,1764
4258,1764
4259,1765
4260,1765
4261,1764
4262,1764
4263,1767
4264,1766
4265,1755
4266,1765
4267,1764
4268,1764
4269,1764
4270,1765
4271,1766
4272,1765
4273,1765
4274,1764
4275,1764
4276,1763
4277,1765
4278,1764
4279,1763
4280,1763
4281,1765
4282,1767
4283,1765
4284,1755
4285,1764
4286,1764
4287,1765
4288,1766
4289,1763
4290,1763
4291,1765
4292,1763
4293,1765
4294,1767
4295,1765
4296,1765
4297,1763
4298,1765
4299,1763
4300,1763
4301,1764
4302,1765
4303,1767
4304,1763
4305,1765
4306,1764
4307,1764
4308,1764
4309,1765
4310,1765
4311,1764
4312,1764
4313,1763
4314,1765
4315,1765
4316,1765
4317,1769
4318,1763
4319,1782
4320,1766
4321,1763
4322,1764
4323,1763
4324,1764
4325,1765
4326,1765
4327,1765
4328,1765
4329,1767
4330,1763
4331,1764
4332,1763
4333,1764
4334,1765
4335,1765
4336,1765
4337,1765
4338,1765
4339,1764
4340,1765
4341,1763
4342,1765
4343,1765
4344,1763
4345,1763
4346,1765
4347,1763
4348,1765
4349,1764
4350,1763
4351,1765
4352,1767
4353,1759
4354,1764
4355,1765
4356,1763
4357,1764
4358,1766
4359,1765
4360,1764
4361,1764
4362,1763
4363,1763
4364,1764
4365,1763
4366,1765
4367,1764
4368,1763
4369,1766
4370,1766
4371,1765
4372,1763
4373,1765
4374,1764
4375,1763
4376,1765
4377,1766
4378,1763
4379,1764
4380,1765
4381,1764
4382,1765
4383,1765
4384,1763
4385,1762
4386,1763
4387,1764
4388,1763
4389,1764
4390,1765
4391,1763
4392,1765
4393,1763
4394,1764
4395,1765
4396,1762
4397,1763
4398,1763
4399,1763
4400,1765
4401,1765
4402,1763
4403,1763
4404,1764
4405,1762
4406,1764
4407,1771
4408,1765
4409,1765
4410,1764
4411,1765
4412,1766
4413,1765
4414,1763
4415,1764
4416,1763
4417,1763
4418,1763
4419,1765
4420,1763
4421,1763
4422,1765
4423,1763
4424,1763
4425,1764
4426,1764
4427,1771
4428,1764
4429,1765
4430,1765
4431,1764
4432,1763
4433,1759
4434,1765
4435,1765
4436,1764
4437,1764
4438,1765
4439,1765
4440,1765
4441,1763
4442,1764
4443,1765
4444,1763
4445,1765
4446,1764
4447,1761
4448,1764
4449,1763
4450,1764
4451,1764
4452,1765
4453,1764
4454,1767
4455,1764
4456,1767
4457,1767
4458,1765
4459,1763
4460,1767
4461,1764
4462,1765
4463,1765
4464,1763
4465,1763
4466,1767
4467,1765
4468,1763
4469,1763
4470,1764
4471,1763
4472,1766
4473,1764
4474,1765
4475,1765
4476,1767
4477,1765
4478,1763
4479,1765
4480,1764
4481,1765
4482,1764
4483,1763
4484,1763
4485,1763
4486,1763
4487,1763
4488,1763
4489,1763
4490,1766
4491,1765
4492,1764
4493,1765
4494,1765
4495,1763
4496,1767
4497,1763
4498,1763
4499,1764
4500,1765
4501,1765
4502,1765
4503,1763
4504,1764
4505,1765
4506,1764
4507,1773
4508,1763
4509,1764
4510,1765
4511,1765
4512,1759
4513,1763
4514,1763
4515,1763
4516,1764
4517,1763
4518,1780
4519,1763
4520,1763
4521,1765
4522,1764
4523,1767
4524,1765
4525,1765
4526,1764
4527,1763
4528,1764
4529,1763
4530,1763
4531,1764
4532,1765
4533,1764
4534,1763
4535,1763
4536,1763
4537,1765
4538,1763
4539,1765
4540,1771
4541,1763
4542,1765
4543,1767
4544,1765
4545,1764
4546,1765
4547,1764
4548,1765
4549,1765
4550,1765
4551,1767
4552,1762
4553,1764
4554,1766
4555,1765
4556,1764
4557,1765
4558,1765
4559,1763
4560,1765
4561,1765
4562,1763
4563,1765
4564,1763
4565,1763
4566,1763
4567,1765
4568,1764
4569,1763
4570,1764
4571,1764
4572,1763
4573,1765
4574,1763
4575,1763
4576,1763
4577,1764
4578,1765
4579,1765
4580,1765
4581,1765
4582,1765
4583,1765
4584,1765
4585,1763
4586,1763
4587,1763
4588,1749
4589,1763
4590,1763
4591,1763
4592,1764
4593,1763
4594,1763
4595,1765
4596,1763
4597,1764
4598,1765
4599,1757
4600,1765
4601,1765
4602,1766
4603,1765
4604,1763
4605,1764
4606,1765
4607,1763
4608,1765
4609,1764
4610,1772
4611,1765
4612,1763
4613,1763
4614,1763
4615,1763
4616,1767
4617,1764
4618,1765
4619,1765
4620,1765
4621,1763
4622,1765
4623,1765
4624,1765
4625,1763
4626,1763
4627,1763
4628,1765
4629,1765
4630,1764
4631,1765
4632,1765
4633,1763
4634,1765
4635,1759
4636,1765
4637,1765
4638,1764
4639,1765
4640,1767
4641,1766
4642,1765
4643,1763
4644,1764
4645,1765
4646,1763
4647,1764
4648,1765
4649,1766
4650,1765
4651,1763
4652,1764
4653,1765
4654,1765
4655,1764
4656,1765
4657,1765
4658,1765
4659,1765
4660,1764
4661,1763
4662,1765
4663,1763
4664,1764
4665,1763
4666,1764
4667,1763
4668,1763
4669,1763
4670,1765
4671,1763
4672,1772
4673,1763
4674,1764
4675,1763
4676,1763
4677,1765
4678,1764
4679,1763
4680,1763
4681,1763
4682,1763
4683,1764
4684,1763
4685,1773
4686,1763
4687,1763
4688,1763
4689,1764
4690,1765
4691,1764
4692,1765
4693,1764
4694,1765
4695,1765
4696,1765
4697,1765
4698,1771
4699,1765
4700,1765
4701,1763
4702,1763
4703,1763
4704,1765
4705,1765
4706,1764
4707,1763
4708,1764
4709,1763
4710,1767
4711,1765
4712,1764
4713,1765
4714,1767
4715,1764
4716,1765
4717,1763
4718,1764
4719,1765
4720,1763
4721,1764
4722,1767
4723,1763
4724,1765
4725,1765
4726,1768
4727,1765
4728,1763
4729,1765
4730,1765
4731,1765
4732,1765
4733,1763
4734,1766
4735,1765
4736,1765
4737,1771
4738,1765
4739,1764
4740,1765
4741,1765
4742,1762
4743,1765
4744,1763
4745,1765
4746,1764
4747,1765
4748,1775
4749,1766
4750,1764
4751,1763
4752,1765
4753,1764
4754,1764
4755,1765
4756,1766
4757,1765
4758,1765
4759,1765
4760,1765
4761,1773
4762,1765
4763,1764
4764,1765
4765,1762
4766,1765
4767,1764
4768,1765
4769,1765
4770,1765
4771,1763
4772,1763
4773,1763
4774,1767
4775,1763
4776,1785
4777,1765
4778,1765
4779,1765
4780,1765
4781,1759
4782,1764
4783,1765
4784,1764
4785,1763
4786,1763
4787,1767
4788,1763
4789,1765
4790,1765
4791,1763
4792,1763
4793,1763
4794,1765
4795,1765
4796,1764
4797,1764
4798,1764
4799,1765
4800,1764
4801,1765
4802,1765
4803,1765
4804,1765
4805,1763
4806,1763
4807,1763
4808,1763
4809,1765
4810,1764
4811,1765
4812,1763
4813,1764
4814,1764
4815,1763
4816,1763
4817,1763
4818,1763
4819,1765
4820,1765
4821,1763
4822,1763
4823,1765
4824,1759
4825,1765
4826,1766
4827,1763
4828,1763
4829,1764
4830,1764
4831,1763
4832,1765
4833,1763
4834,1763
4835,1763
4836,1763
4837,1765
4838,1763
4839,1763
4840,1765
4841,1765
4842,1763
4843,1768
4844,1764
4845,1764
4846,1763
4847,1763
4848,1765
4849,1763
4850,1765
4851,1763
4852,1764
4853,1764
4854,1765
4855,1765
4856,1763
4857,1765
4858,1765
4859,1765
4860,1763
4861,1763
4862,1765
4863,1765
4864,1765
4865,1764
4866,1765
4867,1765
4868,1765
4869,1765
4870,1764
4871,1765
4872,1765
4873,1762
4874,1764
4875,1767
4876,1765
4877,1765
4878,1764
4879,1765
4880,1765
4881,1763
4882,1763
4883,1765
4884,1765
4885,1765
4886,1764
4887,1764
4888,1765
4889,1765
4890,1765
4891,1765
4892,1765
4893,1764
4894,1765
4895,1765
4896,1764
4897,1766
4898,1765
4899,1764
4900,1765
4901,1765
4902,1765
4903,1763
4904,1765
4905,1765
4906,1762
4907,1765
4908,1764
4909,1768
4910,1764
4911,1765
4912,1763
4913,1763
4914,1765
4915,1764
4916,1763
4917,1763
4918,1766
4919,1765
4920,1763
4921,1764
4922,1767
4923,1765
4924,1765
4925,1765
4926,1765
4927,1764
4928,1741
4929,1764
4930,1763
4931,1763
4932,1763
4933,1764
4934,1765
4935,1763
4936,1764
4937,1765
4938,1763
4939,1763
4940,1765
4941,1764
4942,1763
4943,1766
4944,1764
4945,1764
4946,1764
4947,1765
4948,1763
4949,1763
4950,1763
4951,1764
4952,1765
4953,1765
4954,1765
4955,1764
4956,1753
4957,1764
4958,1765
4959,1765
4960,1766
4961,1763
4962,1765
4963,1765
4964,1765
4965,1764
4966,1765
4967,1762
4968,1763
4969,1763
4970,1763
4971,1763
4972,1763
4973,1763
4974,1763
4975,1765
4976,1765
4977,1764
4978,1763
4979,1765
4980,1765
4981,1763
4982,1765
4983,1764
4984,1763
4985,1763
4986,1764
4987,1763
4988,1765
4989,1764
4990,1785
4991,1765
4992,1765
4993,1765
4994,1765
4995,1763
4996,1765
4997,1765
4998,1763
4999,1763
